Outcome,BP_stat,BP_pvalue,Max_VIF
stress_level,705.68703747112,2.894601649999862e-150,32.9329132826845
weekly_anxiety_score,128.76286950808836,4.35593636795159e-26,32.9329132826845
weekly_depression_score,110.44737589941734,3.2957257706333273e-22,32.9329132826845
