Outcome,GLRT_p,Wald_p,GLRT_p_FDR,GLRT_reject@0.05,Wald_p_FDR,Wald_reject@0.05
stress_level,0.22363743837139147,0.22388118105278898,0.3722930404005439,False,0.3726717365934619,False
weekly_anxiety_score,0.5366500363611602,0.5368867624648774,0.5366500363611602,False,0.5368867624648774,False
weekly_depression_score,0.24819536026702924,0.24844782439564128,0.3722930404005439,False,0.3726717365934619,False
