Outcome,LR_stat,LR_df,GLRT_p,Wald_chi2,Wald_p
stress_level,1.4808764854242327,1,0.22363743837139147,1.4793184916259141,0.22388118105278898
weekly_anxiety_score,0.3817839559633285,1,0.5366500363611602,0.3813403739947947,0.5368867624648774
weekly_depression_score,1.3334332275517227,1,0.24819536026702924,1.3320107145202769,0.24844782439564128
